user_id,mean_paired_difference
1.000000000000000000e+00,-2.363864524026451641e-02
2.000000000000000000e+00,1.095547838034639648e-01
3.000000000000000000e+00,1.790281278590539690e-02
4.000000000000000000e+00,-1.918410931714949500e-03
5.000000000000000000e+00,3.858166161041731018e-02
6.000000000000000000e+00,1.069678588198582220e-01
7.000000000000000000e+00,1.103479236934328395e-01
8.000000000000000000e+00,-2.675203133406144074e-02
9.000000000000000000e+00,-8.096428493991758568e-02
1.000000000000000000e+01,1.337719838561498287e-01
1.100000000000000000e+01,1.376677101868829523e-01
1.200000000000000000e+01,1.123845692781278299e-01
1.300000000000000000e+01,-8.367457438236448886e-03
1.400000000000000000e+01,-8.404693869252187477e-02
1.500000000000000000e+01,5.488134857585622722e-02
1.600000000000000000e+01,9.881739093357354287e-02
1.700000000000000000e+01,9.659143930734015449e-02
1.800000000000000000e+01,-4.226582053146601264e-02
1.900000000000000000e+01,1.293113350072800094e-01
2.000000000000000000e+01,1.576885653562968767e-02
2.100000000000000000e+01,-4.750919096480828857e-02
2.200000000000000000e+01,9.575390788013848908e-02
2.300000000000000000e+01,8.809879002637459322e-03
2.400000000000000000e+01,-8.928273560701492639e-03
2.500000000000000000e+01,1.192365814919285755e-01
2.600000000000000000e+01,3.339075402291170197e-02
2.700000000000000000e+01,-8.754983105095022131e-03
2.800000000000000000e+01,1.383106842464138231e-01
2.900000000000000000e+01,8.593087532969957698e-02
3.000000000000000000e+01,-6.422774690428965927e-02
3.100000000000000000e+01,1.980198584451506663e-02
3.200000000000000000e+01,8.331668998938535076e-02
3.300000000000000000e+01,1.722638729682272885e-02
3.400000000000000000e+01,1.852803078292480921e-01
3.500000000000000000e+01,1.182729085480006548e-01
3.600000000000000000e+01,5.830399014066769275e-02
3.700000000000000000e+01,-7.443836207164845897e-02
3.800000000000000000e+01,3.405139921411520776e-02
3.900000000000000000e+01,-1.856952130456080707e-01
4.000000000000000000e+01,-1.101318413271679675e-01
